{
  "fio version" : "fio-3.10-15-ged060",
  "timestamp" : 1538460165,
  "timestamp_ms" : 1538460165164,
  "time" : "Tue Oct  2 01:02:45 2018",
  "global options" : {
    "rw" : "read",
    "bs" : "4096k",
    "directory" : "/mnt/cephfs/FIO/4MB/",
    "rate_iops" : "4",
    "ioengine" : "libaio",
    "iodepth" : "1",
    "direct" : "1",
    "size" : "5g",
    "lat_percentiles" : "1"
  },
  "jobs" : [
    {
      "jobname" : "Test",
      "groupid" : 0,
      "error" : 0,
      "eta" : 0,
      "elapsed" : 320,
      "read" : {
        "io_bytes" : 5368709120,
        "io_kbytes" : 5242880,
        "bw_bytes" : 16787603,
        "bw" : 16394,
        "iops" : 4.002477,
        "runtime" : 319802,
        "total_ios" : 1280,
        "short_ios" : 0,
        "drop_ios" : 0,
        "slat_ns" : {
          "min" : 41898992,
          "max" : 1944898695,
          "mean" : 55650995.017969,
          "stddev" : 71716868.401990
        },
        "clat_ns" : {
          "min" : 1912,
          "max" : 14491,
          "mean" : 2857.844531,
          "stddev" : 535.057101,
          "percentile" : {
            "1.000000" : 43253760,
            "5.000000" : 44826624,
            "10.000000" : 45875200,
            "20.000000" : 46923776,
            "30.000000" : 47972352,
            "40.000000" : 49545216,
            "50.000000" : 51118080,
            "60.000000" : 52166656,
            "70.000000" : 53739520,
            "80.000000" : 55312384,
            "90.000000" : 57409536,
            "95.000000" : 60555264,
            "99.000000" : 86507520,
            "99.500000" : 92798976,
            "99.900000" : 1199570944,
            "99.950000" : 1937768448,
            "99.990000" : 1937768448
          }
        },
        "lat_ns" : {
          "min" : 41903208,
          "max" : 1944903954,
          "mean" : 55654923.967187,
          "stddev" : 71716917.632144
        },
        "bw_min" : 8192,
        "bw_max" : 57344,
        "bw_agg" : 100.000000,
        "bw_mean" : 16589.367670,
        "bw_dev" : 2519.753032,
        "bw_samples" : 631,
        "iops_min" : 2,
        "iops_max" : 14,
        "iops_mean" : 3.979398,
        "iops_stddev" : 0.672277,
        "iops_samples" : 631
      },
      "write" : {
        "io_bytes" : 0,
        "io_kbytes" : 0,
        "bw_bytes" : 0,
        "bw" : 0,
        "iops" : 0.000000,
        "runtime" : 0,
        "total_ios" : 0,
        "short_ios" : 0,
        "drop_ios" : 0,
        "slat_ns" : {
          "min" : 0,
          "max" : 0,
          "mean" : 0.000000,
          "stddev" : 0.000000
        },
        "clat_ns" : {
          "min" : 0,
          "max" : 0,
          "mean" : 0.000000,
          "stddev" : 0.000000,
          "percentile" : {
            "1.000000" : 0,
            "5.000000" : 0,
            "10.000000" : 0,
            "20.000000" : 0,
            "30.000000" : 0,
            "40.000000" : 0,
            "50.000000" : 0,
            "60.000000" : 0,
            "70.000000" : 0,
            "80.000000" : 0,
            "90.000000" : 0,
            "95.000000" : 0,
            "99.000000" : 0,
            "99.500000" : 0,
            "99.900000" : 0,
            "99.950000" : 0,
            "99.990000" : 0
          }
        },
        "lat_ns" : {
          "min" : 0,
          "max" : 0,
          "mean" : 0.000000,
          "stddev" : 0.000000
        },
        "bw_min" : 0,
        "bw_max" : 0,
        "bw_agg" : 0.000000,
        "bw_mean" : 0.000000,
        "bw_dev" : 0.000000,
        "bw_samples" : 0,
        "iops_min" : 0,
        "iops_max" : 0,
        "iops_mean" : 0.000000,
        "iops_stddev" : 0.000000,
        "iops_samples" : 0
      },
      "trim" : {
        "io_bytes" : 0,
        "io_kbytes" : 0,
        "bw_bytes" : 0,
        "bw" : 0,
        "iops" : 0.000000,
        "runtime" : 0,
        "total_ios" : 0,
        "short_ios" : 0,
        "drop_ios" : 0,
        "slat_ns" : {
          "min" : 0,
          "max" : 0,
          "mean" : 0.000000,
          "stddev" : 0.000000
        },
        "clat_ns" : {
          "min" : 0,
          "max" : 0,
          "mean" : 0.000000,
          "stddev" : 0.000000,
          "percentile" : {
            "1.000000" : 0,
            "5.000000" : 0,
            "10.000000" : 0,
            "20.000000" : 0,
            "30.000000" : 0,
            "40.000000" : 0,
            "50.000000" : 0,
            "60.000000" : 0,
            "70.000000" : 0,
            "80.000000" : 0,
            "90.000000" : 0,
            "95.000000" : 0,
            "99.000000" : 0,
            "99.500000" : 0,
            "99.900000" : 0,
            "99.950000" : 0,
            "99.990000" : 0
          }
        },
        "lat_ns" : {
          "min" : 0,
          "max" : 0,
          "mean" : 0.000000,
          "stddev" : 0.000000
        },
        "bw_min" : 0,
        "bw_max" : 0,
        "bw_agg" : 0.000000,
        "bw_mean" : 0.000000,
        "bw_dev" : 0.000000,
        "bw_samples" : 0,
        "iops_min" : 0,
        "iops_max" : 0,
        "iops_mean" : 0.000000,
        "iops_stddev" : 0.000000,
        "iops_samples" : 0
      },
      "sync" : {
        "lat_ns" : {
          "min" : 0,
          "max" : 0,
          "mean" : 0.000000,
          "stddev" : 0.000000,
          "percentile" : {
            "1.000000" : 0,
            "5.000000" : 0,
            "10.000000" : 0,
            "20.000000" : 0,
            "30.000000" : 0,
            "40.000000" : 0,
            "50.000000" : 0,
            "60.000000" : 0,
            "70.000000" : 0,
            "80.000000" : 0,
            "90.000000" : 0,
            "95.000000" : 0,
            "99.000000" : 0,
            "99.500000" : 0,
            "99.900000" : 0,
            "99.950000" : 0,
            "99.990000" : 0
          }
        },
        "total_ios" : 0
      },
      "job_runtime" : 319801,
      "usr_cpu" : 0.007505,
      "sys_cpu" : 0.486553,
      "ctx" : 42225,
      "majf" : 0,
      "minf" : 1049,
      "iodepth_level" : {
        "1" : 100.000000,
        "2" : 0.000000,
        "4" : 0.000000,
        "8" : 0.000000,
        "16" : 0.000000,
        "32" : 0.000000,
        ">=64" : 0.000000
      },
      "iodepth_submit" : {
        "0" : 0.000000,
        "4" : 100.000000,
        "8" : 0.000000,
        "16" : 0.000000,
        "32" : 0.000000,
        "64" : 0.000000,
        ">=64" : 0.000000
      },
      "iodepth_complete" : {
        "0" : 0.000000,
        "4" : 100.000000,
        "8" : 0.000000,
        "16" : 0.000000,
        "32" : 0.000000,
        "64" : 0.000000,
        ">=64" : 0.000000
      },
      "latency_ns" : {
        "2" : 0.000000,
        "4" : 0.000000,
        "10" : 0.000000,
        "20" : 0.000000,
        "50" : 0.000000,
        "100" : 0.000000,
        "250" : 0.000000,
        "500" : 0.000000,
        "750" : 0.000000,
        "1000" : 0.000000
      },
      "latency_us" : {
        "2" : 0.078125,
        "4" : 97.109375,
        "10" : 2.734375,
        "20" : 0.078125,
        "50" : 0.000000,
        "100" : 0.000000,
        "250" : 0.000000,
        "500" : 0.000000,
        "750" : 0.000000,
        "1000" : 0.000000
      },
      "latency_ms" : {
        "2" : 0.000000,
        "4" : 0.000000,
        "10" : 0.000000,
        "20" : 0.000000,
        "50" : 0.000000,
        "100" : 0.000000,
        "250" : 0.000000,
        "500" : 0.000000,
        "750" : 0.000000,
        "1000" : 0.000000,
        "2000" : 0.000000,
        ">=2000" : 0.000000
      },
      "latency_depth" : 1,
      "latency_target" : 0,
      "latency_percentile" : 100.000000,
      "latency_window" : 0
    }
  ]
}
