{
  "fio version" : "fio-3.10-15-ged060",
  "timestamp" : 1538462346,
  "timestamp_ms" : 1538462346635,
  "time" : "Tue Oct  2 01:39:06 2018",
  "global options" : {
    "rw" : "read",
    "bs" : "4096k",
    "directory" : "/mnt/cephfs/FIO/4MB/",
    "rate_iops" : "20",
    "ioengine" : "libaio",
    "iodepth" : "1",
    "direct" : "1",
    "size" : "5g",
    "lat_percentiles" : "1"
  },
  "jobs" : [
    {
      "jobname" : "Test",
      "groupid" : 0,
      "error" : 0,
      "eta" : 0,
      "elapsed" : 65,
      "read" : {
        "io_bytes" : 5368709120,
        "io_kbytes" : 5242880,
        "bw_bytes" : 83882148,
        "bw" : 81916,
        "iops" : 19.999063,
        "runtime" : 64003,
        "total_ios" : 1280,
        "short_ios" : 0,
        "drop_ios" : 0,
        "slat_ns" : {
          "min" : 40744802,
          "max" : 66858655,
          "mean" : 49750448.246094,
          "stddev" : 4267829.943747
        },
        "clat_ns" : {
          "min" : 1386,
          "max" : 21965,
          "mean" : 2796.979688,
          "stddev" : 841.766615,
          "percentile" : {
            "1.000000" : 42205184,
            "5.000000" : 43778048,
            "10.000000" : 44302336,
            "20.000000" : 45875200,
            "30.000000" : 46923776,
            "40.000000" : 47972352,
            "50.000000" : 49545216,
            "60.000000" : 51118080,
            "70.000000" : 52166656,
            "80.000000" : 53739520,
            "90.000000" : 55312384,
            "95.000000" : 56360960,
            "99.000000" : 61079552,
            "99.500000" : 63700992,
            "99.900000" : 65798144,
            "99.950000" : 66846720,
            "99.990000" : 66846720
          }
        },
        "lat_ns" : {
          "min" : 40748173,
          "max" : 66862544,
          "mean" : 49754362.503125,
          "stddev" : 4267869.056431
        },
        "bw_min" : 73580,
        "bw_max" : 90112,
        "bw_agg" : 99.914241,
        "bw_mean" : 81845.750000,
        "bw_dev" : 3913.576989,
        "bw_samples" : 128,
        "iops_min" : 17,
        "iops_max" : 22,
        "iops_mean" : 19.921875,
        "iops_stddev" : 0.985001,
        "iops_samples" : 128
      },
      "write" : {
        "io_bytes" : 0,
        "io_kbytes" : 0,
        "bw_bytes" : 0,
        "bw" : 0,
        "iops" : 0.000000,
        "runtime" : 0,
        "total_ios" : 0,
        "short_ios" : 0,
        "drop_ios" : 0,
        "slat_ns" : {
          "min" : 0,
          "max" : 0,
          "mean" : 0.000000,
          "stddev" : 0.000000
        },
        "clat_ns" : {
          "min" : 0,
          "max" : 0,
          "mean" : 0.000000,
          "stddev" : 0.000000,
          "percentile" : {
            "1.000000" : 0,
            "5.000000" : 0,
            "10.000000" : 0,
            "20.000000" : 0,
            "30.000000" : 0,
            "40.000000" : 0,
            "50.000000" : 0,
            "60.000000" : 0,
            "70.000000" : 0,
            "80.000000" : 0,
            "90.000000" : 0,
            "95.000000" : 0,
            "99.000000" : 0,
            "99.500000" : 0,
            "99.900000" : 0,
            "99.950000" : 0,
            "99.990000" : 0
          }
        },
        "lat_ns" : {
          "min" : 0,
          "max" : 0,
          "mean" : 0.000000,
          "stddev" : 0.000000
        },
        "bw_min" : 0,
        "bw_max" : 0,
        "bw_agg" : 0.000000,
        "bw_mean" : 0.000000,
        "bw_dev" : 0.000000,
        "bw_samples" : 0,
        "iops_min" : 0,
        "iops_max" : 0,
        "iops_mean" : 0.000000,
        "iops_stddev" : 0.000000,
        "iops_samples" : 0
      },
      "trim" : {
        "io_bytes" : 0,
        "io_kbytes" : 0,
        "bw_bytes" : 0,
        "bw" : 0,
        "iops" : 0.000000,
        "runtime" : 0,
        "total_ios" : 0,
        "short_ios" : 0,
        "drop_ios" : 0,
        "slat_ns" : {
          "min" : 0,
          "max" : 0,
          "mean" : 0.000000,
          "stddev" : 0.000000
        },
        "clat_ns" : {
          "min" : 0,
          "max" : 0,
          "mean" : 0.000000,
          "stddev" : 0.000000,
          "percentile" : {
            "1.000000" : 0,
            "5.000000" : 0,
            "10.000000" : 0,
            "20.000000" : 0,
            "30.000000" : 0,
            "40.000000" : 0,
            "50.000000" : 0,
            "60.000000" : 0,
            "70.000000" : 0,
            "80.000000" : 0,
            "90.000000" : 0,
            "95.000000" : 0,
            "99.000000" : 0,
            "99.500000" : 0,
            "99.900000" : 0,
            "99.950000" : 0,
            "99.990000" : 0
          }
        },
        "lat_ns" : {
          "min" : 0,
          "max" : 0,
          "mean" : 0.000000,
          "stddev" : 0.000000
        },
        "bw_min" : 0,
        "bw_max" : 0,
        "bw_agg" : 0.000000,
        "bw_mean" : 0.000000,
        "bw_dev" : 0.000000,
        "bw_samples" : 0,
        "iops_min" : 0,
        "iops_max" : 0,
        "iops_mean" : 0.000000,
        "iops_stddev" : 0.000000,
        "iops_samples" : 0
      },
      "sync" : {
        "lat_ns" : {
          "min" : 0,
          "max" : 0,
          "mean" : 0.000000,
          "stddev" : 0.000000,
          "percentile" : {
            "1.000000" : 0,
            "5.000000" : 0,
            "10.000000" : 0,
            "20.000000" : 0,
            "30.000000" : 0,
            "40.000000" : 0,
            "50.000000" : 0,
            "60.000000" : 0,
            "70.000000" : 0,
            "80.000000" : 0,
            "90.000000" : 0,
            "95.000000" : 0,
            "99.000000" : 0,
            "99.500000" : 0,
            "99.900000" : 0,
            "99.950000" : 0,
            "99.990000" : 0
          }
        },
        "total_ios" : 0
      },
      "job_runtime" : 64002,
      "usr_cpu" : 0.024999,
      "sys_cpu" : 2.343677,
      "ctx" : 41066,
      "majf" : 0,
      "minf" : 1049,
      "iodepth_level" : {
        "1" : 100.000000,
        "2" : 0.000000,
        "4" : 0.000000,
        "8" : 0.000000,
        "16" : 0.000000,
        "32" : 0.000000,
        ">=64" : 0.000000
      },
      "iodepth_submit" : {
        "0" : 0.000000,
        "4" : 100.000000,
        "8" : 0.000000,
        "16" : 0.000000,
        "32" : 0.000000,
        "64" : 0.000000,
        ">=64" : 0.000000
      },
      "iodepth_complete" : {
        "0" : 0.000000,
        "4" : 100.000000,
        "8" : 0.000000,
        "16" : 0.000000,
        "32" : 0.000000,
        "64" : 0.000000,
        ">=64" : 0.000000
      },
      "latency_ns" : {
        "2" : 0.000000,
        "4" : 0.000000,
        "10" : 0.000000,
        "20" : 0.000000,
        "50" : 0.000000,
        "100" : 0.000000,
        "250" : 0.000000,
        "500" : 0.000000,
        "750" : 0.000000,
        "1000" : 0.000000
      },
      "latency_us" : {
        "2" : 0.546875,
        "4" : 97.734375,
        "10" : 1.406250,
        "20" : 0.234375,
        "50" : 0.078125,
        "100" : 0.000000,
        "250" : 0.000000,
        "500" : 0.000000,
        "750" : 0.000000,
        "1000" : 0.000000
      },
      "latency_ms" : {
        "2" : 0.000000,
        "4" : 0.000000,
        "10" : 0.000000,
        "20" : 0.000000,
        "50" : 0.000000,
        "100" : 0.000000,
        "250" : 0.000000,
        "500" : 0.000000,
        "750" : 0.000000,
        "1000" : 0.000000,
        "2000" : 0.000000,
        ">=2000" : 0.000000
      },
      "latency_depth" : 1,
      "latency_target" : 0,
      "latency_percentile" : 100.000000,
      "latency_window" : 0
    }
  ]
}
