{
  "fio version" : "fio-3.10-15-ged060",
  "timestamp" : 1537692776,
  "timestamp_ms" : 1537692776088,
  "time" : "Sun Sep 23 03:52:56 2018",
  "global options" : {
    "rw" : "write",
    "bs" : "1024k",
    "directory" : "/mnt/cephfs/FIO/1MB/",
    "iodepth" : "128",
    "ioengine" : "libaio",
    "direct" : "1",
    "size" : "5g",
    "lat_percentiles" : "1"
  },
  "jobs" : [
    {
      "jobname" : "Test",
      "groupid" : 0,
      "error" : 0,
      "eta" : 0,
      "elapsed" : 136,
      "read" : {
        "io_bytes" : 0,
        "io_kbytes" : 0,
        "bw_bytes" : 0,
        "bw" : 0,
        "iops" : 0.000000,
        "runtime" : 0,
        "total_ios" : 0,
        "short_ios" : 0,
        "drop_ios" : 0,
        "slat_ns" : {
          "min" : 0,
          "max" : 0,
          "mean" : 0.000000,
          "stddev" : 0.000000
        },
        "clat_ns" : {
          "min" : 0,
          "max" : 0,
          "mean" : 0.000000,
          "stddev" : 0.000000,
          "percentile" : {
            "1.000000" : 0,
            "5.000000" : 0,
            "10.000000" : 0,
            "20.000000" : 0,
            "30.000000" : 0,
            "40.000000" : 0,
            "50.000000" : 0,
            "60.000000" : 0,
            "70.000000" : 0,
            "80.000000" : 0,
            "90.000000" : 0,
            "95.000000" : 0,
            "99.000000" : 0,
            "99.500000" : 0,
            "99.900000" : 0,
            "99.950000" : 0,
            "99.990000" : 0
          }
        },
        "lat_ns" : {
          "min" : 0,
          "max" : 0,
          "mean" : 0.000000,
          "stddev" : 0.000000
        },
        "bw_min" : 0,
        "bw_max" : 0,
        "bw_agg" : 0.000000,
        "bw_mean" : 0.000000,
        "bw_dev" : 0.000000,
        "bw_samples" : 0,
        "iops_min" : 0,
        "iops_max" : 0,
        "iops_mean" : 0.000000,
        "iops_stddev" : 0.000000,
        "iops_samples" : 0
      },
      "write" : {
        "io_bytes" : 5368709120,
        "io_kbytes" : 5242880,
        "bw_bytes" : 39590790,
        "bw" : 38662,
        "iops" : 37.756720,
        "runtime" : 135605,
        "total_ios" : 5120,
        "short_ios" : 0,
        "drop_ios" : 0,
        "slat_ns" : {
          "min" : 22352466,
          "max" : 47026263,
          "mean" : 26476507.413477,
          "stddev" : 1638827.390414
        },
        "clat_ns" : {
          "min" : 8146,
          "max" : 3424684784,
          "mean" : 3321262815.167584,
          "stddev" : 306805573.656430,
          "percentile" : {
            "1.000000" : 1367343104,
            "5.000000" : 3305111552,
            "10.000000" : 3338665984,
            "20.000000" : 3372220416,
            "30.000000" : 3372220416,
            "40.000000" : 3372220416,
            "50.000000" : 3405774848,
            "60.000000" : 3405774848,
            "70.000000" : 3405774848,
            "80.000000" : 3405774848,
            "90.000000" : 3405774848,
            "95.000000" : 3439329280,
            "99.000000" : 3439329280,
            "99.500000" : 3439329280,
            "99.900000" : 3439329280,
            "99.950000" : 3439329280,
            "99.990000" : 3439329280
          }
        },
        "lat_ns" : {
          "min" : 25073515,
          "max" : 3454293213,
          "mean" : 3347740473.192961,
          "stddev" : 306838821.956355
        },
        "bw_min" : 8192,
        "bw_max" : 40960,
        "bw_agg" : 99.689735,
        "bw_mean" : 38542.045283,
        "bw_dev" : 2178.055492,
        "bw_samples" : 265,
        "iops_min" : 8,
        "iops_max" : 40,
        "iops_mean" : 37.558491,
        "iops_stddev" : 2.142060,
        "iops_samples" : 265
      },
      "trim" : {
        "io_bytes" : 0,
        "io_kbytes" : 0,
        "bw_bytes" : 0,
        "bw" : 0,
        "iops" : 0.000000,
        "runtime" : 0,
        "total_ios" : 0,
        "short_ios" : 0,
        "drop_ios" : 0,
        "slat_ns" : {
          "min" : 0,
          "max" : 0,
          "mean" : 0.000000,
          "stddev" : 0.000000
        },
        "clat_ns" : {
          "min" : 0,
          "max" : 0,
          "mean" : 0.000000,
          "stddev" : 0.000000,
          "percentile" : {
            "1.000000" : 0,
            "5.000000" : 0,
            "10.000000" : 0,
            "20.000000" : 0,
            "30.000000" : 0,
            "40.000000" : 0,
            "50.000000" : 0,
            "60.000000" : 0,
            "70.000000" : 0,
            "80.000000" : 0,
            "90.000000" : 0,
            "95.000000" : 0,
            "99.000000" : 0,
            "99.500000" : 0,
            "99.900000" : 0,
            "99.950000" : 0,
            "99.990000" : 0
          }
        },
        "lat_ns" : {
          "min" : 0,
          "max" : 0,
          "mean" : 0.000000,
          "stddev" : 0.000000
        },
        "bw_min" : 0,
        "bw_max" : 0,
        "bw_agg" : 0.000000,
        "bw_mean" : 0.000000,
        "bw_dev" : 0.000000,
        "bw_samples" : 0,
        "iops_min" : 0,
        "iops_max" : 0,
        "iops_mean" : 0.000000,
        "iops_stddev" : 0.000000,
        "iops_samples" : 0
      },
      "sync" : {
        "lat_ns" : {
          "min" : 0,
          "max" : 0,
          "mean" : 0.000000,
          "stddev" : 0.000000,
          "percentile" : {
            "1.000000" : 0,
            "5.000000" : 0,
            "10.000000" : 0,
            "20.000000" : 0,
            "30.000000" : 0,
            "40.000000" : 0,
            "50.000000" : 0,
            "60.000000" : 0,
            "70.000000" : 0,
            "80.000000" : 0,
            "90.000000" : 0,
            "95.000000" : 0,
            "99.000000" : 0,
            "99.500000" : 0,
            "99.900000" : 0,
            "99.950000" : 0,
            "99.990000" : 0
          }
        },
        "total_ios" : 0
      },
      "job_runtime" : 135604,
      "usr_cpu" : 0.492611,
      "sys_cpu" : 1.050117,
      "ctx" : 46091,
      "majf" : 0,
      "minf" : 614,
      "iodepth_level" : {
        "1" : 0.100000,
        "2" : 0.100000,
        "4" : 0.100000,
        "8" : 0.156250,
        "16" : 0.312500,
        "32" : 0.625000,
        ">=64" : 98.769531
      },
      "iodepth_submit" : {
        "0" : 0.000000,
        "4" : 100.000000,
        "8" : 0.000000,
        "16" : 0.000000,
        "32" : 0.000000,
        "64" : 0.000000,
        ">=64" : 0.000000
      },
      "iodepth_complete" : {
        "0" : 0.000000,
        "4" : 99.979976,
        "8" : 0.000000,
        "16" : 0.000000,
        "32" : 0.000000,
        "64" : 0.000000,
        ">=64" : 0.100000
      },
      "latency_ns" : {
        "2" : 0.000000,
        "4" : 0.000000,
        "10" : 0.000000,
        "20" : 0.000000,
        "50" : 0.000000,
        "100" : 0.000000,
        "250" : 0.000000,
        "500" : 0.000000,
        "750" : 0.000000,
        "1000" : 0.000000
      },
      "latency_us" : {
        "2" : 0.000000,
        "4" : 0.000000,
        "10" : 0.019531,
        "20" : 0.000000,
        "50" : 0.000000,
        "100" : 0.000000,
        "250" : 0.000000,
        "500" : 0.000000,
        "750" : 0.000000,
        "1000" : 0.000000
      },
      "latency_ms" : {
        "2" : 0.000000,
        "4" : 0.000000,
        "10" : 0.000000,
        "20" : 0.000000,
        "50" : 0.019531,
        "100" : 0.039062,
        "250" : 0.117188,
        "500" : 0.175781,
        "750" : 0.195312,
        "1000" : 0.175781,
        "2000" : 0.000000,
        ">=2000" : 0.000000
      },
      "latency_depth" : 128,
      "latency_target" : 0,
      "latency_percentile" : 100.000000,
      "latency_window" : 0
    }
  ]
}
