{
  "fio version" : "fio-3.10-15-ged060",
  "timestamp" : 1537943954,
  "timestamp_ms" : 1537943954910,
  "time" : "Wed Sep 26 01:39:14 2018",
  "global options" : {
    "rw" : "write",
    "bs" : "4096k",
    "directory" : "/mnt/cephfs/FIO/4MB/",
    "rate_iops" : "4",
    "ioengine" : "libaio",
    "iodepth" : "1",
    "direct" : "1",
    "size" : "5g",
    "lat_percentiles" : "1"
  },
  "jobs" : [
    {
      "jobname" : "Test",
      "groupid" : 0,
      "error" : 0,
      "eta" : 0,
      "elapsed" : 321,
      "read" : {
        "io_bytes" : 0,
        "io_kbytes" : 0,
        "bw_bytes" : 0,
        "bw" : 0,
        "iops" : 0.000000,
        "runtime" : 0,
        "total_ios" : 0,
        "short_ios" : 0,
        "drop_ios" : 0,
        "slat_ns" : {
          "min" : 0,
          "max" : 0,
          "mean" : 0.000000,
          "stddev" : 0.000000
        },
        "clat_ns" : {
          "min" : 0,
          "max" : 0,
          "mean" : 0.000000,
          "stddev" : 0.000000,
          "percentile" : {
            "1.000000" : 0,
            "5.000000" : 0,
            "10.000000" : 0,
            "20.000000" : 0,
            "30.000000" : 0,
            "40.000000" : 0,
            "50.000000" : 0,
            "60.000000" : 0,
            "70.000000" : 0,
            "80.000000" : 0,
            "90.000000" : 0,
            "95.000000" : 0,
            "99.000000" : 0,
            "99.500000" : 0,
            "99.900000" : 0,
            "99.950000" : 0,
            "99.990000" : 0
          }
        },
        "lat_ns" : {
          "min" : 0,
          "max" : 0,
          "mean" : 0.000000,
          "stddev" : 0.000000
        },
        "bw_min" : 0,
        "bw_max" : 0,
        "bw_agg" : 0.000000,
        "bw_mean" : 0.000000,
        "bw_dev" : 0.000000,
        "bw_samples" : 0,
        "iops_min" : 0,
        "iops_max" : 0,
        "iops_mean" : 0.000000,
        "iops_stddev" : 0.000000,
        "iops_samples" : 0
      },
      "write" : {
        "io_bytes" : 5368709120,
        "io_kbytes" : 5242880,
        "bw_bytes" : 16784716,
        "bw" : 16391,
        "iops" : 4.001788,
        "runtime" : 319857,
        "total_ios" : 1280,
        "short_ios" : 0,
        "drop_ios" : 0,
        "slat_ns" : {
          "min" : 89370328,
          "max" : 323173391,
          "mean" : 103639187.567969,
          "stddev" : 8391537.009059
        },
        "clat_ns" : {
          "min" : 1193,
          "max" : 15625,
          "mean" : 2640.653906,
          "stddev" : 719.123006,
          "percentile" : {
            "1.000000" : 92798976,
            "5.000000" : 95944704,
            "10.000000" : 98041856,
            "20.000000" : 99090432,
            "30.000000" : 101187584,
            "40.000000" : 102236160,
            "50.000000" : 103284736,
            "60.000000" : 104333312,
            "70.000000" : 105381888,
            "80.000000" : 107479040,
            "90.000000" : 109576192,
            "95.000000" : 111673344,
            "99.000000" : 117964800,
            "99.500000" : 123207680,
            "99.900000" : 210763776,
            "99.950000" : 325058560,
            "99.990000" : 325058560
          }
        },
        "lat_ns" : {
          "min" : 89373990,
          "max" : 323176983,
          "mean" : 103642926.234375,
          "stddev" : 8391549.770537
        },
        "bw_min" : 8192,
        "bw_max" : 24576,
        "bw_agg" : 99.939965,
        "bw_mean" : 16381.159624,
        "bw_dev" : 458.757467,
        "bw_samples" : 639,
        "iops_min" : 2,
        "iops_max" : 6,
        "iops_mean" : 3.913928,
        "iops_stddev" : 0.302202,
        "iops_samples" : 639
      },
      "trim" : {
        "io_bytes" : 0,
        "io_kbytes" : 0,
        "bw_bytes" : 0,
        "bw" : 0,
        "iops" : 0.000000,
        "runtime" : 0,
        "total_ios" : 0,
        "short_ios" : 0,
        "drop_ios" : 0,
        "slat_ns" : {
          "min" : 0,
          "max" : 0,
          "mean" : 0.000000,
          "stddev" : 0.000000
        },
        "clat_ns" : {
          "min" : 0,
          "max" : 0,
          "mean" : 0.000000,
          "stddev" : 0.000000,
          "percentile" : {
            "1.000000" : 0,
            "5.000000" : 0,
            "10.000000" : 0,
            "20.000000" : 0,
            "30.000000" : 0,
            "40.000000" : 0,
            "50.000000" : 0,
            "60.000000" : 0,
            "70.000000" : 0,
            "80.000000" : 0,
            "90.000000" : 0,
            "95.000000" : 0,
            "99.000000" : 0,
            "99.500000" : 0,
            "99.900000" : 0,
            "99.950000" : 0,
            "99.990000" : 0
          }
        },
        "lat_ns" : {
          "min" : 0,
          "max" : 0,
          "mean" : 0.000000,
          "stddev" : 0.000000
        },
        "bw_min" : 0,
        "bw_max" : 0,
        "bw_agg" : 0.000000,
        "bw_mean" : 0.000000,
        "bw_dev" : 0.000000,
        "bw_samples" : 0,
        "iops_min" : 0,
        "iops_max" : 0,
        "iops_mean" : 0.000000,
        "iops_stddev" : 0.000000,
        "iops_samples" : 0
      },
      "sync" : {
        "lat_ns" : {
          "min" : 0,
          "max" : 0,
          "mean" : 0.000000,
          "stddev" : 0.000000,
          "percentile" : {
            "1.000000" : 0,
            "5.000000" : 0,
            "10.000000" : 0,
            "20.000000" : 0,
            "30.000000" : 0,
            "40.000000" : 0,
            "50.000000" : 0,
            "60.000000" : 0,
            "70.000000" : 0,
            "80.000000" : 0,
            "90.000000" : 0,
            "95.000000" : 0,
            "99.000000" : 0,
            "99.500000" : 0,
            "99.900000" : 0,
            "99.950000" : 0,
            "99.990000" : 0
          }
        },
        "total_ios" : 0
      },
      "job_runtime" : 319856,
      "usr_cpu" : 0.115052,
      "sys_cpu" : 0.400180,
      "ctx" : 43527,
      "majf" : 0,
      "minf" : 536,
      "iodepth_level" : {
        "1" : 100.000000,
        "2" : 0.000000,
        "4" : 0.000000,
        "8" : 0.000000,
        "16" : 0.000000,
        "32" : 0.000000,
        ">=64" : 0.000000
      },
      "iodepth_submit" : {
        "0" : 0.000000,
        "4" : 100.000000,
        "8" : 0.000000,
        "16" : 0.000000,
        "32" : 0.000000,
        "64" : 0.000000,
        ">=64" : 0.000000
      },
      "iodepth_complete" : {
        "0" : 0.000000,
        "4" : 100.000000,
        "8" : 0.000000,
        "16" : 0.000000,
        "32" : 0.000000,
        "64" : 0.000000,
        ">=64" : 0.000000
      },
      "latency_ns" : {
        "2" : 0.000000,
        "4" : 0.000000,
        "10" : 0.000000,
        "20" : 0.000000,
        "50" : 0.000000,
        "100" : 0.000000,
        "250" : 0.000000,
        "500" : 0.000000,
        "750" : 0.000000,
        "1000" : 0.000000
      },
      "latency_us" : {
        "2" : 0.234375,
        "4" : 99.296875,
        "10" : 0.078125,
        "20" : 0.390625,
        "50" : 0.000000,
        "100" : 0.000000,
        "250" : 0.000000,
        "500" : 0.000000,
        "750" : 0.000000,
        "1000" : 0.000000
      },
      "latency_ms" : {
        "2" : 0.000000,
        "4" : 0.000000,
        "10" : 0.000000,
        "20" : 0.000000,
        "50" : 0.000000,
        "100" : 0.000000,
        "250" : 0.000000,
        "500" : 0.000000,
        "750" : 0.000000,
        "1000" : 0.000000,
        "2000" : 0.000000,
        ">=2000" : 0.000000
      },
      "latency_depth" : 1,
      "latency_target" : 0,
      "latency_percentile" : 100.000000,
      "latency_window" : 0
    }
  ]
}
